{
    "Epoch 0 Train": 34.0625,
    "Epoch 0 Valid": 25.292968749999993,
    "Epoch 0 Best": 25.292968749999993,
    "Epoch 1 Train": 25.136718749999996,
    "Epoch 1 Valid": 25.292968749999993,
    "Epoch 1 Best": 25.292968749999993,
    "Epoch 2 Train": 27.832031250000007,
    "Epoch 2 Valid": 25.292968749999993,
    "Epoch 2 Best": 25.292968749999993,
    "Epoch 3 Train": 24.60937499999999,
    "Epoch 3 Valid": 24.921875,
    "Epoch 3 Best": 25.292968749999993
}