{
    "pruning_result": {
        "Initial score": 0.25292968749999994,
        "Score after iteration 0": 0.25292968749999994,
        "Score after iteration 1": 0.0,
        "Score after iteration 2": 0.0,
        "Score after iteration 3": 0.0,
        "Score after iteration 4": 0.0,
        "Score after iteration 5": 0.25292968749999994,
        "Score after iteration 6": 0.2423828125,
        "Score after iteration 7": 0.25292968749999994,
        "Score after iteration 8": 0.24921875,
        "Score after iteration 9": 0.0109375,
        "Score after iteration 10": 0.014062499999999999,
        "Score after iteration 11": 0.015234375,
        "Score after iteration 12": 0.0087890625,
        "Score after iteration 13": 0.0146484375,
        "Score after iteration 14": 0.0146484375,
        "Score after iteration 15": 0.0083984375,
        "accuarcy after pruning": 0.0
    },
    "retrain_result": {
        "Epoch 0 Train": 17.988281249999993,
        "Epoch 0 Valid": 25.292968749999993,
        "Epoch 0 Best": 25.292968749999993,
        "Epoch 1 Train": 24.882812499999993,
        "Epoch 1 Valid": 25.292968749999993,
        "Epoch 1 Best": 25.292968749999993,
        "Epoch 2 Train": 27.832031249999993,
        "Epoch 2 Valid": 25.292968749999993,
        "Epoch 2 Best": 25.292968749999993,
        "Epoch 3 Train": 27.83203125,
        "Epoch 3 Valid": 25.292968749999993,
        "Epoch 3 Best": 25.292968749999993
    }
}