{
    "pruning_result": {
        "Initial score": 0.25292968749999994,
        "Score after iteration 0": 0.25292968749999994,
        "accuarcy after pruning": 0.24628906249999993
    },
    "retrain_result": {
        "Epoch 0 Train": 27.32421875,
        "Epoch 0 Valid": 25.292968749999993,
        "Epoch 0 Best": 25.292968749999993,
        "Epoch 1 Train": 25.60546874999999,
        "Epoch 1 Valid": 25.292968749999993,
        "Epoch 1 Best": 25.292968749999993,
        "Epoch 2 Train": 28.30078125,
        "Epoch 2 Valid": 24.921875,
        "Epoch 2 Best": 25.292968749999993,
        "Epoch 3 Train": 27.167968749999993,
        "Epoch 3 Valid": 25.292968749999993,
        "Epoch 3 Best": 25.292968749999993
    }
}