{
    "Epoch 0 Train": 68.3633656912249,
    "Epoch 0 Valid": 66.88081865045532,
    "Epoch 0 Best": 66.88081865045532,
    "Epoch 1 Train": 74.173748924154,
    "Epoch 1 Valid": 68.61391090251335,
    "Epoch 1 Best": 68.61391090251335,
    "Epoch 2 Train": 79.96758403781308,
    "Epoch 2 Valid": 69.6426098330358,
    "Epoch 2 Best": 69.6426098330358,
    "Epoch 3 Train": 84.53174834198836,
    "Epoch 3 Valid": 70.27044702623417,
    "Epoch 3 Best": 70.27044702623417
}